<?xml version="1.0" encoding="UTF-8"?>
<addon id="repository.purely" name="PURELY WRESTLING REPO" provider-name="Scott" version="0.0.1">
	<requires>
		<import addon="xbmc.addon" version="12.0.0"/>
	</requires>
	<extension name="Purely Wrestling" point="xbmc.addon.repository">
		<dir>
			<info compressed="false">https://bitbucket.org/threw/purely/raw/master/_zips/addons.xml</info>
			<checksum>https://bitbucket.org/threw/purely/raw/master/_zips/addons.xml.md5</checksum>
			<datadir zip="true">https://bitbucket.org/threw/purely/raw/master/_zips/</datadir>
		</dir>
		<dir>
			<info compressed="false">https://raw.githubusercontent.com/Gujal00/smrzips/master/addons.xml</info>
			<checksum>https://raw.githubusercontent.com/Gujal00/smrzips/master/addons.xml.md5</checksum>
			<datadir zip="true">https://raw.githubusercontent.com/Gujal00/smrzips/master/zips/</datadir>
		</dir>
		<dir>
			<info compressed="false">https://raw.githubusercontent.com/teamuniversal/scrapers/master/_modules4all/zips/addons.xml</info>
			<checksum>https://raw.githubusercontent.com/teamuniversal/scrapers/master/_modules4all/zips/addons.xml.md5</checksum>
			<datadir zip="true">https://raw.githubusercontent.com/teamuniversal/scrapers/master/_modules4all/zips/</datadir>
		</dir>
		<dir>
			<info compressed="false">https://raw.githubusercontent.com/therealatreides/housetools/master/code/_housefiles/addons.xml</info>
			<checksum>https://raw.githubusercontent.com/therealatreides/housetools/master/code/_housefiles/addons.xml.md5</checksum>
			<datadir zip="true">https://raw.githubusercontent.com/therealatreides/housetools/master/code/_housefiles/</datadir>
		</dir>
	</extension>
	<extension point="xbmc.service" library="service.py" start="[login|startup]" />
	<extension point="xbmc.addon.metadata">
		<summary lang="en">Purely Wrestling Repo.</summary>
		<description lang="en"></description>
		<platform>all</platform>
		<license>GNU GENERAL PUBLIC LICENSE. Version 3, 29 June 2007</license>
		<disclaimer lang="en">The author of this addon do not host any of the content which is found and have no affiliation with any of the content providers. This addon simply searches websites for content. Use at your own risk!</disclaimer>
		<assets>
			<icon>icon.png</icon>
			<fanart>fanart.jpg</fanart>
			<screenshot></screenshot>
			<screenshot></screenshot>
			<screenshot></screenshot>
		</assets>
	</extension>
</addon>